Index,User Id,First Name,Last Name,Sex,Email,Phone,Date of birth,Job Title,Salary
1,88F7B33d2bcf9f5,Shelby,Terrell,Male,elijah57@example.net,001-084-906-7849x73518,26/10/45,Games developer,12323
2,f90cD3E76f1A9b9,Phillip,Summers,Female,bethany14@example.com,214.112.6044x4913,24/3/10,Phytotherapist,124465
3,DbeAb8CcdfeFC2c,Kris.  tine,Trav----is,Male,bthompson@example.com,277.609.7938,2/7/92,Homeopath,456746
4,DbeAb8CcdfeFC2c,Kristine,Travis,Male,bthompson@example.com,277.609.7939,3/7/92,Homeopath,567467
5,DbeAb8CcdfeFC2c,Kristine,Travis,Male,bthompson@example.com,277.609.7940,4/7/92,Homeopath,878765
6,DbeAb8CcdfeFC2c,Kristine,Travis,Male,bthompson@example.com,277.609.7941,5/7/92,Homeopath,2435
7,DbeAb8CcdfeFC2c,Kristine,Travis,Male,bthompson@example.com,277.609.7942,6/7/92,Homeopath,3453454
8,2EFC6A4e77FaEaC,Ricardo,Hinton,Male,wyattbishop@example.com,001-447-699-7998x88612,26/3/24,Hydrogeologist,425
9,baDcC4DeefD8dEB,Dave,Farrell,Male,nmccann@example.net,603-428-2429x27392,20/9/64,Lawyer,1517904.143
10,8e4FB470FE19bF0,Isaiah,Downs,Male,virginiaterrell@example.org,+1-511-372-1544x8206,,"Engineer, site",1702547.286
11,BF0BbA03C29Bb3b,Sheila,Ross,Female,huangcathy@example.com,895.881.4746,,Advertising account executive,1887190.429
12,F738c69fB34E62E,Stacy,Newton,Male,jefferynobexample.org,710.673.3213x80335,20/10/80,Warden/ranger,2071833.571
13,C03fDADdAadAdCe,Mandy,Blake,Male,,(992)466-1305x4947,39/12/2007,"Scientist, clinical (histocompatibility and immunogenetics)",2256476.714
14,b759b74BD1dE80d,Bridget,Nash,Female,mercedes44@example.com,(216)627-8359,28/6/04,Social worker,2441119.857
15,1F0B7D65A00DAF9,Crystal,Farmer,Male,pmiranda@example.org,,9/3/92,Agricultural consultant,2625763
16,50Bb061cB30B461,Thomas,Knight,Female,braunpriscilla@example.net,,18/2/06,Sport and exercise psychologist,2810406.143
17,D6dbA5308fEC4BC,Maurice,Rangel,Male,sheenabanks@example.com,(246)187-4969,20/8/04,Secretary/administrator,2995049.286
18,311D775990f066d,Frank,Meadows,Male,gbrewer@example.org,429.965.3902x4447,16/9/08,Audiological scientist,3179692.429
19,7F7E1BAcb0C9AFf,Alvin,Paul,m ,,219.436.0887x07551,12/5/49,"Teacher, adult education",3364335.571
20,88473e15D5c3cD0,Jared,Mitchell,Female,jcortez@example.com,-8587,18/1/21,Paediatric nurse,3548978.714
21,b31D271F8c200AB,Jacqueline,Norton,F,carias@example.net,819.309.7679x59173,9/101/1952,"Scientist, marine",3733621.857
22,42F4BdA841aBadC,Colleen,Hatfield,Female,fknox@example.org,638.584.1090,,Commercial horticulturist,3918265
23,cBbBcA0FCA3C4Bc,$$$%$%,Barnes,Male,huangbill@example.org,001-960-629-7164x67214,30/12/47,Outdoor activities/education manager,4102908.143
24,f1f89173353aD90,Janice,Rhodes,Femal.  e,juarezdominique@example.net,001-249-314-9742x6996,1/11/99,Drilling engineer,4287551.286
25,c5B09fb33e8bA0A,Alfred,Mcneil,Female,cassandramorris@example.com,(468)276-9509x53058,28/5/93,Systems analyst,4472194.429
26,c9F2282C40BEC1E,Sean,Levine,Male,sallymiller@example.net,4915828504,,"Conservation officer, nature",4656837.571
27,9c1bc7EC53Fb7cE,Louis,Payne,Male,bsullivan@example.net,-12312414,29/1/16,Counsellor,4841480.714
28,ddEc50e2A2e3a2B,Brittney,Vega,Female,ayalajose@example.net,945-739-8686,31/10/32,,5026123.857
29,66F096D36Ebae11,Judy,BUCKLEY,Male,irosales@example.net,001-654-208-1241x52830,28/7/63,,5210767
30,F0fE2faAd78F8b5,Norman,Weber,Male,mconrad@example.com,223.002.0429,21/5/57,,5395410.143
31,5d2feAfbdCAA6B5,Isaiah,Camacho,Female,,001-536-544-3367,7/4/66,Food technologist,5580053.286
32,cDa5F303fCd6dEa,Jacqueline,Gallagher,Male,nsampson@example.net,(247)762-8934,25/2/99,Building services engineer,5764696.429
33,8Ef7DBfcaB02b6B,Bonnie,Andrews,Female,caitlin24@example.net,+1-253-987-2776x9161,21/12/53,Seismic interpreter,5949339.571
34,6Dec5b5542F8ed8,Brandon,Schmidt,Female,mconley@example.net,,12/5/31,"Engineer, biomedical",6133982.714
35,3Fb8a7f68e12784,Jackson,Sparks,Female,reynoldsdarryl@example.net,(137)908-3129x65035,18/11/80,Set designer,6318625.857
36,035eff50B9A0F24,Melody,Cook,Male,jeannovak@example.org,,25/6/63,Research scientist (life sciences),6503269
37,aa614aAE4B7Cf0C,Leonard,Hurst,Male,clinton78@example.org,941-038-0427x38800,13/3/38,"Accountant, chartered management",6687912.143
38,ACcde95AAe3e6cC,Gene,Rich,Female,luisdeleon@example.org,+1-356-818-6604x89537,22/8/46,"Surveyor, quantity",6872555.286
39,b6a35de5CB6fc25,Cynthia,Wiggins,Female,,(110)858-2437x70190,27/1/84,Outdoor activities/education manager,7057198.429
40,e92A191E345fA3A,Tanya,Mckinney,Female,vickihouston@example.com,(830)774-9002x086,12/3/03,Information systems manager,7241841.571
41,7D0AcBF6CCac3fd,Matthew,Stone,Female,evelyn31@example.org,952-381-6360,23/8/17,"Scientist, clinical (histocompatibility and immunogenetics)",7426484.714
42,CEFA7BBCef013AE,Kirk,Walsh,Female,stephenfuller@example.org,001-826-496-5529x8661,8/4/09,Accounting technician,7611127.857
43,9edBC94aE7cA22a,Willie,Vang,Female,haleymathews@example.net,741.168.6854x067,2/2/78,Management consultant,7795771
44,fFe7BAA737aDbe2,Miguel,Hill,Female,tyrone56@example.org,5247842945,26/8/30,Make,7980414.143
45,5F2f3fAca8B0946,Darren,Andrews,Male,lhernandez@example.com,(975)799-4261,4/10/97,Retail banker,8165057.286
46,6bFcfc3cc1BC6B4,Haley,Pugh,Female,molly03@example.org,(746)182-6137x2453,16/9/80,Commissioning editor,8349700.429
47,f3BD2cBF7eEb6df,Danielle,Estrada,Female,jvang@example.org,(890)374-9518x772,9/7/30,"Accountant, chartered management",8534343.571
48,Ee4eB129dC7913A,Becky,Brady,Male,erikmueller@example.org,(390)002-0863,27/6/57,Seismic interpreter,8718986.714
49,dBCEf340C3657Eb,Caitlyn,Frey,Male,rivasdominique@example.org,805-021-3965x46344,26/1/68,Jewellery designer,8903629.857
50,E47FB71DD9ACCd9,Joshua,Sweeney,Male,daisymcgee@example.net,875.994.2100x535,28/7/54,"Education officer, museum",9088273
51,eA3fDd79BE9f0E7,Heidi,Escobar,Female,staffordtravis@example.net,601-155-3065x1131,25/9/31,Estate manager/land agent,9272916.143
52,aF0eE4547Bc025c,Brian,Oconnell,Female,saralong@example.net,952-283-1423x733,23/10/11,Physiotherapist,9457559.286
53,9F5DeD7aD228F5a,Beverly,Esparza,Female,iphelps@example.net,+1-327-578-8754x6771,9/12/30,Passenger transport manager,9642202.429
54,D3Fa0220dDE4d36,Nathaniel,Rivas,Female,roberto29@example.com,(655)887-2040x37888,17/11/08,Call centre manager,9826845.571
55,60FdBFd5e7BE8fF,Debra,Payne,Female,yolanda07@example.org,001-731-525-8400x52593,20/8/27,Special educational needs teacher,10011488.71
56,D8bF5Ab2b98caff,Mackenzie,Rocha,Female,abbottyvette@example.net,4225525458,21/10/80,Museum/gallery exhibitions officer,10196131.86
57,CD8d33aA25bc8BB,Courtney,Watkins,Female,ochang@example.org,210.683.2761x5883,7/12/03,Pension scheme manager,10380775
57,CD8d33aA25bc8BB,Courtney,Watkins,Female,ochang@example.org,210.683.2761x5883,7/12/03,Pension scheme manager,10565418.14
57,CD8d33aA25bc8BB,Courtney,Watkins,Female,ochang@example.org,210.683.2761x5883,7/12/03,Pension scheme manager,10750061.29
58,Fac3BfFf0A3d03c,Fred,Olsen,Female,amyanderson@example.com,497-774-3053,10/4/10,Archaeologist,10934704.43
59,e552D7ddafe1FFb,Ryan,Nelson,Female,qnorman@example.org,956.330.2951,2/5/24,Historic buildings inspector/conservation officer,11119347.57
60,0f8deedb629A5f6,Grace,Phelps,Male,clarkeangela@example.net,(034)867-8827x6777,15/10/09,Petroleum engineer,11303990.71
61,bB9e49E506F65ed,Shari,Daugherty,Male,kalvarado@example.org,001-951-655-4798x6124,24/11/44,Curator,11488633.86
62,Ed724605A403D91,Kelli,Garner,Male,jodyvincent@example.org,995.000.4213x0982,17/1/10,Retail banker,11673277
63,0aBE5ACb18E0c10,Jackie,Bennett,Male,hutchinsonkirk@example.com,001-740-937-0846x0087,11/11/15,Neurosurgeon,11857920.14
64,5D2cb63CaAF53f6,Leslie,Conway,Female,floreschristina@example.org,795.782.4384x555,6/11/83,Chiropractor,12042563.29
65,Ee6974f90eeCe18,Harold,Barnett,Female,nathan65@example.org,-6682,15/3/43,"Biochemist, clinical",12227206.43
66,cEf02C076afa07f,Larry,Harper,Male,maria32@example.org,+1-244-630-3792x4121,5/5/21,"Scientist, water quality",12411849.57
67,9Df5Ba591bF3EFf,Mike,Ward,Female,imccullough@example.com,116-729-5046,9/11/67,Hydrologist,12596492.71
68,3faB1CBfEFBDdD4,Brittney,Rubio,Female,corey92@example.com,593.976.2528,24/12/59,"Biochemist, clinical",12781135.86
69,Ebcefdf75eCb0a9,Frank,Pineda,Male,daltoncalvin@example.net,(035)961-5060x9182,10/3/26,Hospital pharmacist,12965779
70,e75e5DBfcb68887,Sandra,Wu,Male,ubanks@example.com,+1-096-606-6454x067,28/4/25,Warehouse manager,13150422.14
71,6a53a8D41dDF6de,Ryan,Benton,Male,lopezdebbie@example.org,+1-695-557-9948x485,6/10/20,Physiological scientist,13335065.29
72,F0d3bD1aaf9E3Bc,Tamara,Hull,Male,meagan39@example.net,017.665.3744x7944,31/1/33,English as a second language teacher,13519708.43
73,5bC87340799FBD0,Jean,Ritter,Female,kristina76@example.com,(954)060-1066,6/8/85,Financial trader,13704351.57
74,dBfA17Aaf16b4ab,Veronica,Briggs,Female,weissbridget@example.com,+1-521-589-2387x48490,8/6/74,Structural engineer,13888994.71
75,c935b7Eb6FA0B0F,Kim,Andrews,Female,wpetersen@example.org,7677125383,15/11/90,"Biochemist, clinical",14073637.86
76,b3e15e65Ca2CcBf,Tina,Cunningham,Male,wongmary@example.org,079-907-5051,29/11/56,Race relations officer,14258281
77,dade3452F0c32FD,Jonathon,Atkinson,Male,gailfrench@example.net,874-037-2032x932,19/7/11,"Psychologist, forensic",14442924.14
78,AdEd6cfD85DeC46,Jermaine,Reid,Female,vpaul@example.com,(742)214-8691,18/8/74,Newspaper journalist,14627567.29
79,DAf111987098ae4,Regina,Stevens,Male,xpoole@example.net,891-359-2684,28/11/11,Public house manager,14812210.43
80,6e6a5b885F6496d,Terrence,Huff,Male,cassandra80@example.org,221.800.6408x5416,27/2/44,Careers information officer,14996853.57
81,12DCb4ED8E01D5C,Tyler,Foley,FEMALE,johnathan72@example.org,001-386-469-3075x8030,19/9/08,Economist,15181496.71
82,E1cB5cA8CA7CC0a,Andrew,Waters,Male,nhall@example.net,+1-376-865-2765x3351,14/5/48,Jewellery designer,15366139.86
83,AedDfaE8Cf49F07,Reginald,Stephenson,Male,erikaball@example.net,+1-832-500-6044x475,8/2/10,Contracting civil engineer,15550783
84,bff9853aFAeF772,Douglas,Reese,Female,nixonvanessa@example.net,001-834-660-8312x9864,11/11/61,Higher education lecturer,15735426.14
85,E883773cA5219Be,Helen,Williamso.  n,Female,melvin08@example.net,001-377-726-4229,11/8/11,"Lecturer, further education",15920069.29
86,CB19EafEbBfF9eC,Mario,Vaughn,Male,oblake@example.com,>>>,8/7/90,Research scientist (life sciences),16104712.43
87,5834700fbEd2771,Chelsea,Dickson,Male,johnnyhendricks@example.net,001-698-651-0138x18588,13/5/58,"Teacher, early years/pre",16289355.57
88,2b0Ab1Dc9E01D7E,Dustin,Bailey,Male,pbarron@example.net,+1-965-621-1157x345,22/8/08,Travel agency manager,16473998.71
89,3f3a3D89ad042Dd,Harry,Medina,Female,olsenmalik@example.net,-6354,24/8/47,Technical sales engineer,16658641.86
90,9425E2F38C408ef,Kathy,Haney,Female,teresa37@example.com,(164)105-8456,2/9/55,Charity fundraiser,16843285
91,F0aeC9c2759F3C6,Alison,Nixon,Female,zmiles@example.net,3506680871,10/7/41,Patent attorney,17027928.14
92,d6EA619A7C4aA95,Jamie,Hardy,F,sheenadouglas@example.com,(900)803-9295x11533,17/7/94,"Conservator, furniture",17212571.29
93,2A33E7Cad1bb0F5,Melody,Cox,Female,evan90@example.org,(626)520-5080x3511,30/7/74,Dance movement psychotherapist,17397214.43
94,d181FFB7d3E68bb,Xavier@@@,Cole,Male,nicolas90@example.org,??????,29/11/38,Financial planner,17581857.57
95,feaBf8dAE0C0d6F,Dillon,Guzman,Female,angelanavarro@example.net,971-992-4521,1/4/42,Air broker,17766500.71
96,5eFda7caAeB260E,Dennis,Barnes,Female,bmartin@example.org,001-095-524-2112x257,30/7/54,Software engineer,17951143.86
97,CCbFce93d3720bE,Steve,Patterson,Female,latasha46@example.net,001-865-478-5157,29/4/32,Barrister,18135787
98,2fEc528aFAF0b69,Wesley,Bray,Male,regina11@example.org,995-542-3004x76800,28/12/94,Police officer,18320430.14
99,Adc7ad9B6e4A1Fe,Summer,Oconnell,Female,alexiscantrell@example.org,001-273-685-6932x092,12/4/12,Broadcast journalist,18505073.29
100,b8D0aD3490FC7e1,Mariah,Bernard,Male,pcopeland@example.org,(341)594-6554x44657,15/11/16,IT sales professional,18689716.43